0,"010000101101000101100100011000101101100001001010101101111000101110100110100010000100011000010011100011001101001010001000010001010101010010110101000000110110100010110110101100001000",0.26041666666666663,0.75
1,"010000101101000101100100011000101101100001001010101101111000101110100110100010000100011000010011100011001101001010001010010001010101010010110101000010110110100010110110101100001000",0.26041666666666663,0.75
2,"010000101101010101100100011000101101100001001010101101111000101110100110100010000100011000010011100011001101001010001000010001010101010010110101000010110110100010110110101100001000",0.26041666666666663,0.75
3,"010000101101010101110100011000101101100001001010101101111000101110100110100010000100011000010011100011001101001010001000010001010101010010110101000010110110100010110110101100001000",0.26041666666666663,0.75
4,"010000101101000101110100011000101101100001001010101101111000101110100110100010000100011000010011100011001101001010001000010001010101010010110101000000110110100010110110101100001000",0.26041666666666663,0.75
5,"010000101101001101101100011000101101100001001010101101111000101110100110100010000100011000010011100011001101001010001000010001010101010010110101000010110110100010110110101100001000",0.26041666666666663,0.75
6,"010000101101001101100100001000101101100001001010101101111000101110100110100010000100011000010011100011001101001010001000010001010101010010110101000000110110100010110110101100001000",0.26041666666666663,0.75
7,"010000101101011101110100001000101101100001001010101101111000101110100110100010000100011000010011100011001101001010001000010001010101010010110101000010110110100010110110101100001000",0.26041666666666663,0.75
8,"010000101101011101101100001000101101100001001010101101111000101110100110100010000100011000010011100011001101001010001000010001010101010010110101000000110110100010110110101100001000",0.26041666666666663,0.75
9,"010000101101011101111100001000101101100001001010101101111000101110100110100010000100011000010011100011001101001010001000010001010101010010110101000000110110100010110110101100001000",0.26041666666666663,0.75
10,"010000101101011101101100011000101101100001001010101101111000101110100110100010000100011000010011100011001101001010001000010001010101010010110101000000110110100010110110101100001000",0.26041666666666663,0.75
11,"010000101101000101110100001000101101100001001010101101111000101110100110100010000100011000010011100011001101001010001000010001010101010010110101000000110110100010110110101100001000",0.26041666666666663,0.75
12,"010000101101011101111100011000101101100001001010101101111000101110100110100010000100011000010011100011001101001010001000010001010101010010110101000000110110100010110110101100001000",0.26041666666666663,0.75
13,"010000101101001101111100001000101101100001001010101101111000101110100110100010000100011000010011100011001101001010001000010001010101010010110101000010110110100010110110101100001000",0.26041666666666663,0.75
14,"010000101101011101100100011000101101100001001010101101111000101110100110100010000100011000010011100011001101001010001000010001010101010010110101000000110110100010110110101100001000",0.26041666666666663,0.75
15,"010000101101001101101100001000101101100001001010101101111000101110100110100010000100011000010011100011001101001010001000010001010101010010110101000010110110100010110110101100001000",0.26041666666666663,0.75
16,"010000101101011101100100001000101101100001001010101101111000101110100110100010000100011000010011100011001101001010001000010001010101010010110101000000110110100010110110101100001000",0.26041666666666663,0.75
17,"010000101101000101111100001000101101100001001010101101111000101110100110100010000100011000010011100011001101001010001000010001010101010010110101000000110110100010110110101100001000",0.26041666666666663,0.75
18,"010000101101000101111100001000101101100001001010101101111000101110100110100010000100011000010011100011001101001010001010010001010101010010110101000010110110100010110110101100001000",0.26041666666666663,0.75
19,"010000101101000101101100011000101101100001001010101101111000101110100110100010000100011000010011100011001101001010001000010001010101010010110101000000110110100010110110101100001000",0.26041666666666663,0.75
20,"010000101101000101101100011000101101100001001010101101111000101110100110100010000100011000010011100011001101001010001000010001010101010010110101000010110110100010110110101100001000",0.26041666666666663,0.75
21,"010000101101000101111100001000101101100001001010101101111000101110100110100010000100011000010011100011001101001010001000010001010101010010011010100010110110100010110110101100001000",0.26041666666666663,0.75
22,"010000101101000101111100001000101101100001001010101101111000101110100110100010000100011000010011100011001101001010001000010001010101010010111010100010110110100010110110101100001000",0.26041666666666663,0.75
23,"010000101101000101111100001000101101100001001010101101111000101110100110100010000100011000010011100011001101001010001000010001010101010010011010000010110110100010110110101100001000",0.26041666666666663,0.75
24,"010000101101000101110100011000101101100001001010101101111000101110100110100010000100011000010011100011001101001010001000010001010101010010110101000010110110100010110110101100001000",0.26041666666666663,0.75
25,"010000101101000101100100001000101101100001001010101101111000101110100110100010000100011000010011100011001101001010001000010001010101010010110101000000110110100010110110101100001000",0.26041666666666663,0.75
26,"010000101101000101100100001000101101100001001010101101111000101110100110100010000100011000010011100011001101001010001000010001010101010010010101000010110110100010110110101100001000",0.26041666666666663,0.75
27,"010000101101000101111100001000101101100001001010101101111000101110100110100010000100011000010011100011001101001010001000010001010101010010010101000010110110100010110110101100001000",0.26041666666666663,0.75
28,"010000101101000101101100001000101101100001001010101101111000101110100110100010000100011000010011100011001101001010001000010001010101010010110101000010110110100010110110101100001000",0.26041666666666663,0.75
29,"010000101101011101111100001000101101100001001010101101111000101110100110100010000100011000010011100011001101001010001000010001010101010010110101000010110110100010110110101100001000",0.26041666666666663,0.75
30,"010000101101000101100100001000101101100001001010101101111000101110100110100010000100011000010011100011001101001010001010010001010101010010110101000010110110100010110110101100001000",0.26041666666666663,0.75
31,"010000101101000101111100001000101101100001001010101101111000101110100110100010000100011000010011100011001101001010001000010001010101010010011101000010110110100010110110101100001000",0.26041666666666663,0.75
32,"010000101101000101111100011000101101100001001010101101111000101110100110100010000100011000010011100011001101001010001000010001010101010010011101000010110110100010110110101100001000",0.26041666666666663,0.75
33,"010000101101000101111100011000101101100001001010101101111000101110100110100010000100011000010011100011001101001010001000010001010101010010010101000010110110100010110110101100001000",0.26041666666666663,0.75
34,"010100101101000101111100011000101101100001001010101101111000101110100110100010000100011000010011100011001101001010001000010001010101010010010101000010110110100010110110101100001000",0.26041666666666663,0.75
35,"010000101101000101111100011000101101100001001010101101111000101110100110100010000100011000010011100011001101001010001000010001010101010010011010100010110110100010110110101100001000",0.26041666666666663,0.75
36,"010000101101000101111100011000101101100001001010101101111000101110100110100010000100011000010011100011001101001010001000010001010101010010011011000010110110100010110110101100001000",0.26041666666666663,0.75
37,"010000101101000101111100011000101101100001001010101101111000101110100110100010000100011000010011100011001101001010001010010001010101010010110101000010110110100010110110101100001000",0.26041666666666663,0.75
38,"010000101101000101111100001000101101100001001010101101101000110110101111000010000100011000010011100011001101001010001000010001010101010010110101000010110110100010110110101100001000",0.26041666666666663,0.75
39,"010000101101000101111100011010110001100001001010101101111000101110100110100010000100011000010011100011001101001010001000010001010101010010110101000010110110100010110110101100001000",0.26041666666666663,0.75
40,"010000101101000101111100011000101101100001001010101101111000101110100111000010000100011000010011100011001101001010001000010001010101010010110101000010110110100010110110101100001000",0.26041666666666663,0.75
41,"010000101101000101111100011010110000100101001010101101111000101110100110100010000100011000010011100011001101001010001000010001010101010010110101000010110110100010110110101100001000",0.26041666666666663,0.75
42,"010000101101011101101100011000101101100001001010101101111000101110100110100010000100011000010011100011001101001010001000010001010101010010110101000010110110100010110110101100001000",0.26041666666666663,0.75
43,"010000101101011101100100001000101101100001001010101101111000101110101111000010000100011000010011100011001101001010001000010001010101010010110101000010110110100010110110101100001000",0.26041666666666663,0.75
44,"010000101101011101100100001010101101100001001010101101111000101110100110100010000100011000010011100011001101001010001000010001010101010010110101000010110110100010110110101100001000",0.26041666666666663,0.75
45,"010000101101011101101100001000101101100001001010101101111000110110100110100010000100011000010011100011001101001010001000010001010101010010110101000010110110100010110110101100001000",0.26041666666666663,0.75
46,"010100101101011101100100001000101101100001001010101101111000101110100110100010000100011000010011100011001101001010001000010001010101010010110101000010110110100010110110101100001000",0.26041666666666663,0.75
47,"010000101101011101101100001000101101100001001010101101111000101110100110100010000100011000010011100011001101001010001000010001010101010010110101000010110110100010110110101100001000",0.26041666666666663,0.75
48,"010000100101000101111100111000101101100001001010101101111000101110100110100010000100011000010011100011001101001010001000010001010101010010110101000010110110100010110110101100001000",0.26041666666666663,0.75
49,"010100101101000101111100001000101101100001001010101101111000101110100110100010000100011000010011100011001101001010001000010001010101010010110101000010110110100010110110101100001000",0.26041666666666663,0.75
50,"010100100101011101100100001000101101100001001010101101111000101110100110100010000100011000010011100011001101001010001000010001010101010010110101000010110110100010110110101100001000",0.26041666666666663,0.75
51,"010000101101010101100100001000101101100001001010101101111000101110100110100010000100011000010011100011001101001010001000010001010101010010110101000010110110100010110110101100001000",0.26041666666666663,0.75
52,"010000101101010101111100111000101101100001001010101101111000101110100110100010000100011000010011100011001101001010001000010001010101010010011010000010110110100010110110101100001000",0.26041666666666663,0.75
53,"010000101101011101111100011000101101100001001010101101111000101110100110100010000100011000010011100011001101001010001000010001010101010010110101000010110110100010110110101100001010",0.26041666666666663,0.75
54,"010000101101000101100100001000101101100001001010101101101000110110101111000010000100011000010011100011001101001010001000010001010101010010110101000010110110100010110110101100001000",0.26041666666666663,0.75
55,"010000100101000101111100011000101101100001001010101101111000101110100110100010000100011000010011100011001101001010001000010001010101010010110101000010110110100010110110101100001000",0.26041666666666663,0.75
56,"010000101101000101100100001000101101100001001010101101111000101110101110100010000100011000010011100011001101001010001000010001010101010010110101000010110110100010110110101100001000",0.26041666666666663,0.75
57,"010000101101000101100100111000101101100001001010101101111000101110100110100010000100011000010011100011001101001010001000010001010101010010110101000010110110100010110110101100001000",0.26041666666666663,0.75
58,"010000101101000101100100001000101101100001001010101101111000101110100110100010000100011000010011100011001101001010001000010001010101010010110101000010110110100010110110101100001010",0.26041666666666663,0.75
59,"010000101101010101111100001000101101100001001010101101111000101110100110100010000100011000010011100011001101001010001000010001010101010010110101000010110110100010110110101100001000",0.26041666666666663,0.75
60,"010000101101011101100100111000101101100001001010101101111000101110100110100010000100011000010011100011001101001010001000010001010101010010110101000010110110100010110110101100001000",0.26041666666666663,0.75
61,"010000101101000101111100001000101101100001001010101101111000101110100110100010000100011000010011100011001101001010001000010001010101010010110101000010110110100010110110101100001000",0.26041666666666663,0.75
62,"010000101101010101111100111000101101100001001010101101111000101110101110100010000100011000010011100011001101001010001000010001010101010010110101000010110110100010110110101100001000",0.26041666666666663,0.75
63,"010000101101000101110100001000101101100001001010101101111000101110100110100010000100011000010011100011001101001010001000010001010101010010110101000010110110100010110110101100001000",0.26041666666666663,0.75
64,"010000101101010101100100111000101101100001001010101101111000101110100110100010000100011000010011100011001101001010001000010001010101010010110101000010110110100010110110101100001000",0.26041666666666663,0.75
65,"010000101101010101111100011000101101100001001010101101111000101110100110100010000100011000010011100011001101001010001000010001010101010010110101000010110110100010110110101100001000",0.26041666666666663,0.75
66,"010000101101000101111100111000101101100001001010101101111000101110100110100010000100011000010011100011001101001010001000010001010101010010110101000010110110100010110110101100001010",0.26041666666666663,0.75
67,"010000101101011101100100001000101101100001001010101101111000101110100110100010000100011000010011100011001101001010001000010001010101010010011101000010110110100010110110101100001000",0.26041666666666663,0.75
68,"010000101101011101100100001000101101100001001010101101111000101110100110100010000100011000010011100011001101001010001000010001010101010010110101000010110110100010110110101100001010",0.26041666666666663,0.75
69,"010000101101010101111100111000110000100101001010101101111000101110100110100010000100011000010011100011001101001010001000010001010101010010110101000010110110100010110110101100001000",0.26041666666666663,0.75
70,"010000101101011101111100111000101101100001001010101101111000101110100110100010000100011000010011100011001101001010001000010001010101010010110101000010110110100010110110101100001000",0.26041666666666663,0.75
71,"010000101101010101111100111000101101100001001010101101101000101110100110100010000100011000010011100011001101001010001000010001010101010010110101000010110110100010110110101100001000",0.26041666666666663,0.75
72,"010100101101001101100100001000101101100001001010101101111000101110100110100010000100011000010011100011001101001010001000010001010101010010110101000010110110100010110110101100001010",0.26041666666666663,0.75
73,"010100100101000101111100001000101101100001001010101101111000101110100110100010000100011000010011100011001101001010001000010001010101010010110101000010110110100010110110101100001000",0.26041666666666663,0.75
74,"010000101101000101100100011000101101100001001010101101111000101110100110100010000100011000010011100011001101001010001000010001010101010010110101000010110110100010110110101100001000",0.26041666666666663,0.75
75,"010000101101011101111100111000101101100001001010101101111000101110100110100010000100011000010011100011001101001010001000010001010101010010110101000010110110100010110110101100001010",0.26041666666666663,0.75
76,"010100100101000101100100001000101101100001001010101101111000101110100110100010000100011000010011100011001101001010001000010001010101010010110101000010110110100010110110101100001000",0.26041666666666663,0.75
77,"010000101101011101100100001000101101100001001010101101101000101110100110100010000100011000010011100011001101001010001000010001010101010010110101000010110110100010110110101100001010",0.26041666666666663,0.75
78,"010100100101010101111100111000101101100001001010101101111000101110100110100010000100011000010011100011001101001010001000010001010101010010110101000010110110100010110110101100001010",0.26041666666666663,0.75
79,"010000101101000101111100001000101101100001001010101101111000101110100110100010000100011000010011100011001101001010001000010001010101010010110101000010110110100010110110101100001010",0.26041666666666663,0.75
80,"010000101101000101100100001000101101100001001010101101111000101110100110100010000100011000010011100011001101001010001000010001010101010010110101000010110110100010110110101100001000",0.26041666666666663,0.75
81,"010000101101010101111100111000101101100001001010101101111000101110100110100010000100011000010011100011001101001010001000010001010101010010110101000010110110100010110110101100001010",0.26041666666666663,0.75
82,"010100100101000101111100111000101101100001001010101101101000101110100110100010000100011000010011100011001101001010001000010001010101010010110101000010110110100010110110101100001010",0.26041666666666663,0.75
83,"010100101101000101111100111000110000100101001010101101111000101110100110100010000100011000010011100011001101001010001000010001010101010010110101000010110110100010110110101100001010",0.26041666666666663,0.75
84,"010100101101000101111100011000101101100001001010101101111000101110100110100010000100011000010011100011001101001010001000010001010101010010110101000010110110100010110110101100001010",0.26041666666666663,0.75
85,"010100100101000101111100001000101101100001001010101101101000101110100110100010000100011000010011100011001101001010001000010001010101010010110101000010110110100010110110101100001010",0.26041666666666663,0.75
86,"010000101101001101100100011000101101100001001010101101111000101110100110100010000100011000010011100011001101001010001000010001010101010010110101000010110110100010110110101100001000",0.26041666666666663,0.75
87,"010000101101010101111100111000101101100001001010101101111000101110100110100010000100011000010011100011001101001010001000010001010101010010110101000010110110100010110110101100001000",0.26041666666666663,0.75
88,"010000101101000101111100111000101101100001001010101101101000101110100110100010000100011000010011100011001101001010001000010001010101010010110101000010110110100010110110101100001000",0.26041666666666663,0.75
89,"010100101101000101111100011000101101100001001010101101111000101110100110100010000100011000010011100011001101001010001000010001010101010010110101000010110110100010110110101100001000",0.26041666666666663,0.75
90,"010100101101000101111100111000101101100001001010101101111000101110100110100010000100011000010011100011001101001010001000010001010101010010110101000010110110100010110110101100001010",0.26041666666666663,0.75
91,"010100101101011101100100111000101101100001001010101101111000101110100110100010000100011000010011100011001101001010001000010001010101010010110101000010110110100010110110101100001010",0.26041666666666663,0.75
92,"010000101101001101100100001000101101100001001010101101111000101110100110100010000100011000010011100011001101001010001000010001010101010010110101000010110110100010110110101100001000",0.26041666666666663,0.75
93,"010100100101000101111100011000101101100001001010101101111000101110100110100010000100011000010011100011001101001010001000010001010101010010110101000010110110100010110110101100001000",0.26041666666666663,0.75
94,"010000101101000101111100011000101101100001001010101101111000101110100110100010000100011000010011100011001101001010001000010001010101010010110101000000110110100010110110101100001000",0.26041666666666663,0.75
95,"010000101101000101111100011000101101100001001010101101111000101110100110100010000100011000010011100011001101001010001000010001010101010010110101000010110110100010110110101100001010",0.26041666666666663,0.75
96,"010100101101011101100100001000101101100001001010101101111000101110101111000010000100011000010011100011001101001010001000010001010101010010110101000010110110100010110110101100001010",0.26041666666666663,0.75
97,"010000101101000101111100011000101101100001001010101101111000101110101111000010000100011000010011100011001101001010001000010001010101010010110101000010110110100010110110101100001000",0.26041666666666663,0.75
98,"010000100101000101111100001000101101100001001010101101111000101110100110100010000100011000010011100011001101001010001000010001010101010010110101000010110110100010110110101100001000",0.26041666666666663,0.75
99,"010000101101000101111100011000101101100001001010101101111000110110101111000010000100011000010011100011001101001010001000010001010101010010110101000010110110100010110110101100001000",0.26041666666666663,0.75
100,"010100100101000101111100111000101101100001001010101101111000101110100110100010000100011000010011100011001101001010001000010001010101010010110101000010110110100010110110101100001000",0.26041666666666663,0.75
101,"010000101101000101011100111000101101100001001010101101111000101110100110100010000100011000010011100011001101001010001000010001010101010010110101000010110110100010110110101100001010",0.26041666666666663,0.75
102,"010000101101000101011100011000101101100001001010101101111000101110100110100010000100011000010011100011001101001010001000010001010101010010110101000010110110100010110110101100001000",0.26041666666666663,0.75
103,"010000101101000101111100011000101101100001001010101101111000101110100110100010000100011000010011100011001101001010001000010001010101010010110101000010110110100110110110101100001000",0.26041666666666663,0.75
104,"010100100101000101111100001000101101100001001010101101111000101110100110100010000100011000010011100011001101001010001000010001010101010010110101000010110110100010110110101100001010",0.26041666666666663,0.75
105,"010100100101000101111100011000101101100001001010101101111000101110100110100010000100011000010011100011001101001010001000010001010101010010110101000010110110100010110110101100001010",0.26041666666666663,0.75
106,"010100101101011101100100001000101101100001001010101101111000101110100110100010000100011000010011100011001101001010001000010001010101010010110101000010110110100010110110101100001010",0.26041666666666663,0.75
107,"010000101101011101111100011000101101100001001010101101111000101110100110100010000100011000010011100011001101001010001000010001010101010010110101000000110111100110110110101100001000",0.26041666666666663,0.75
108,"010100100101010101111100011000101101100001001010101101111000101110100110100010000100011000010011100011001101001010001000010001010101010010110101000010110110100010110110101100001010",0.26041666666666663,0.75
109,"010000101101010101011100111000101101100001001010101101111000101110100110100010000100011000010011100011001101001010001000010001010101010010110101000010110110100010110110101100001000",0.26041666666666663,0.75
110,"010100100101010101011100111000101101100001001010101101111000101110100110100010000100011000010011100011001101001010001000010001010101010010110101000010110110100010110110101100001010",0.26041666666666663,0.75
111,"010100100101000101100100001000101101100001001010101101111000101110100110100010000100011000010011100011001101001010001000010001010101010010110101000010110110100010110110101100001010",0.26041666666666663,0.75
112,"010100100101000101111100111000101101100001001010101101111000101110100110100010000100011000010011100011001101001010001000010001010101010010110101000010110110100010110110101100001010",0.26041666666666663,0.75
113,"010000101101011101100100001010110000100001001010101101111000101110100110100010000100011000010011100011001101001010001000010001010101010010011010100010110110100010110110101100001000",0.26041666666666663,0.75
114,"010000101101011101100100001000101101100001001010101101111000101110100110100010000100011000010011100011001101001010001000010001010101010010110101000010110110100010110110101100001000",0.26041666666666663,0.75
115,"010000101101011101100100001010110000100001001010101101111000101110100110100010000100011000010011100011001101001010001000010001010101010010110101000010110110100010110110101100001000",0.26041666666666663,0.75
116,"010000101101011101111100011000101101100001001010101101111000101110100110100010000100011000010011100011001101001010001000010001010101010010110101000010110111100110110110101100001000",0.26041666666666663,0.75
117,"010100100101011101111100011000101101100001001010101101111000101110100110100010000100011000010011100011001101001010001000010001010101010010110101000010110110100010110110101100001000",0.26041666666666663,0.75
118,"010000101101000101011100111000101101100001001010101011101000101110100110100010000100011000010011100011001101001010001000010001010101010010110101000010110110100010110110101100001000",0.26041666666666663,0.75
119,"010000101101001101111100011000101101100001001010101101111000101110100110100010000100011000010011100011001101001010001000010001010101010010110101000010110110100010110110101100001000",0.26041666666666663,0.75
120,"010000100101011101111100011000101101100001001010101101111000101110100110100010000100011000010011100011001101001010001000010001010101010010110101000010110110100010110110101100001000",0.26041666666666663,0.75
121,"010000101101011101111100011000101101100001001010101101111000101110100110100010000100011000010011100011001101001010001000010001010101010010110101000010110110100010110110101100001000",0.26041666666666663,0.75
122,"010000101101000101111100111000101101100001001010101101111000101110101111000010000100011000010011100011001101001010001000010001010101010010110101000010110110100010110110101100001000",0.26041666666666663,0.75
123,"010000101101011101100100011000101101100001001010101101111000101110100110100010000100011000010011100011001101001010001000010001010101010010110101000010110110100010110110101100001000",0.26041666666666663,0.75
124,"010000101101000101111100111000101101100001001010101101111000101110100110100010000100011000010011100011001101001010001000010001010101010010110101000010110110100010110110101100001000",0.26041666666666663,0.75
125,"010100100101011101111100011000101101100001001010101101111000101110100110100010000100011000010011100011001101001010001000010001010101010010110101000010110110100010110110101100001010",0.26041666666666663,0.75
126,"010000101101000101011100111000101101100001001010101101111000101110100110100010000100011000010011100011001101001010001000010001010101010010110101000010110110100010110110101100001000",0.26041666666666663,0.75
127,"010000101101000101111100011000101101100001001010101101111000101110100110100010000100011000010011100011001101001010001000010001010101010010110101000010110110100010110110101100001000",0.26041666666666663,0.75
128,"010000101101011101110100001000101101100001001010101101111000101110100110100010000100011000010011100011001101001010001000010001010101010010110101010010110110100010110110101100001000",0.30166666666666664,0.9000000000000001
129,"010000101101001101101100011000101101100001001010101101111000101110100110100010000100011000010011100011001101001010001000010001010101010010110101010010110110100010110110101100001000",0.30166666666666664,0.9000000000000001
130,"010000101101000101110100011000101101100001001010101101111000101110100110100010000100011000010011100011001101001010001000010001010101010010110101010010110110100010110110101100001000",0.30166666666666664,0.9000000000000001
131,"010000101101010101111100011000101101100001001010101101111000101110100110100010000100011000010011100011001101001010001000010001010101010010110101010010110110100010110110101100001000",0.30166666666666664,0.9000000000000001
132,"010000101101001101100100011000101101100001001010101101111000101110100110100010000100011000010011100011001101001010001000010001010101010010110101010010110110100010110110101100001000",0.30166666666666664,0.9000000000000001
133,"010000101101001101111100011000101101100001001010101101111000101110100110100010000100011000010011100011001101001010001000010001010101010010110101010010110110100010110110101100001000",0.30166666666666664,0.9000000000000001
134,"010000101101001101111100001000101101100001001010101101111000101110100110100010000100011000010011100011001101001010001000010001010101010010110101010010110110100010110110101100001000",0.30166666666666664,0.9000000000000001
135,"010000101101000101101100011000101101100001001010101101111000101110100110100010000100011000010011100011001101001010001000010001010101010010110101010010110110100010110110101100001000",0.30166666666666664,0.9000000000000001
136,"010000101101000101101100001000101101100001001010101101111000101110100110100010000100011000010011100011001101001010001000010001010101010010110101010010110110100010110110101100001000",0.30166666666666664,0.9000000000000001
137,"010000101101000101111100001000101101100001001010101101111000101110100110100010000100011000010011100011001101001010001000010001010101010010111011010010110110100010110110101100001000",0.30166666666666664,0.9000000000000001
138,"010000101101000101110100001000101101100001001010101101111000101110100110100010000100011000010011100011001101001010001000010001010101010010110101010010110110100010110110101100001000",0.30166666666666664,0.9000000000000001
139,"010000101101000101100100001000101101100001001010101101111000101110100110100010000100011000010011100011001101001010001000010001010101010010110101110010110110100010110110101100001000",0.30166666666666664,0.9000000000000001
140,"010000101101000101111100001000101101100001001010101101111000101110100110100010000100011000010011100011001101001010001000010001010101010010110101110010110110100010110110101100001000",0.30166666666666664,0.9000000000000001
141,"010000101101000101100100011000101101100001001010101101111000101110100110100010000100011000010011100011001101001010001000010001010101010010110101010010110110100010110110101100001000",0.30166666666666664,0.9000000000000001
142,"010000101101011101111100011000101101100001001010101101111000101110100110100010000100011000010011100011001101001010001000010001010101010010110101110010110110100010110110101100001000",0.30166666666666664,0.9000000000000001
143,"010000101101011101111100001000101101100001001010101101111000101110100110100010000100011000010011100011001101001010001000010001010101010010110101010010110110100010110110101100001000",0.30166666666666664,0.9000000000000001
144,"010000101101011101100100001000101101100001001010101101111000101110100110100010000100011000010011100011001101001010001000010001010101010010110101110010110110100010110110101100001000",0.30166666666666664,0.9000000000000001
145,"010000101101000101100100011000101101100001001010101101111000101110100110100010000100011000010011100011001101001010001000010001010101010010110101110010110110100010110110101100001000",0.30166666666666664,0.9000000000000001
146,"010000101101001101100100001000101101100001001010101101111000101110100110100010000100011000010011100011001101001010001000010001010101010010110101010010110110100010110110101100001000",0.30166666666666664,0.9000000000000001
147,"010000101101000101111100011000101101100001001010101101111000101110100110100010000100011000010011100011001101001010001000010001010101010010010101010010110110100010110110101100001000",0.30166666666666664,0.9000000000000001
148,"010100101101000101100100001000101101100001001010101101111000101110100110100010000100011000010011100011001101001010001000010001010101010010110101010010110110100010110110101100001000",0.30166666666666664,0.9000000000000001
149,"010000101101011101101100011000101101100001001010101101111000101110100110100010000100011000010011100011001101001010001000010001010101010010110101010010110110100010110110101100001000",0.30166666666666664,0.9000000000000001
150,"010100101101011101100100001000101101100001001010101101111000101110100110100010000100011000010011100011001101001010001000010001010101010010110101010010110110100010110110101100001000",0.30166666666666664,0.9000000000000001
151,"010100101101000101111100011000101101100001001010101101111000101110100110100010000100011000010011100011001101001010001000010001010101010010011010110010110110100010110110101100001000",0.30166666666666664,0.9000000000000001
152,"010000101101000101111100011000101101100001001010101101111000101110100110100010000100011000010011100011001101001010001000010001010101010010111010110010110110100010110110101100001000",0.30166666666666664,0.9000000000000001
153,"010100101101000101111100011000101101100001001010101101111000101110100110100010000100011000010011100011001101001010001000010001010101010010110101010010110110100010110110101100001000",0.30166666666666664,0.9000000000000001
154,"010100101101000101111100001000101101100001001010101101111000101110100110100010000100011000010011100011001101001010001000010001010101010010110101010010110110100010110110101100001000",0.30166666666666664,0.9000000000000001
155,"010100100101000101111100111000101101100001001010101101111000101110100110100010000100011000010011100011001101001010001000010001010101010010110101110010110110100010110110101100001000",0.30166666666666664,0.9000000000000001
156,"010100100101000101111100111000101101100001001010101101111000101110100110100010000100011000010011100011001101001010001000010001010101010010110101010010110110100010110110101100001000",0.30166666666666664,0.9000000000000001
157,"010000101101011101101100001000101101100001001010101101111000101110100110100010000100011000010011100011001101001010001000010001010101010010110101010010110110100010110110101100001000",0.30166666666666664,0.9000000000000001
158,"010000101101000101111100001000101101100001001010101101111000101110100110100010000100011000010011100011001101001010001000010001010101010010110101010010110110100010110110101100001000",0.30166666666666664,0.9000000000000001
159,"010000101101010101100100001000101101100001001010101101111000101110100110100010000100011000010011100011001101001010001000010001010101010010110101010010110110100010110110101100001000",0.30166666666666664,0.9000000000000001
160,"010000101101011101111100111000101101100001001010101101111000101110100110100010000100011000010011100011001101001010001000010001010101010010110101010010110110100010110110101100001000",0.30166666666666664,0.9000000000000001
161,"010000101101000101111100011000101101100001001010101101111000101110100110100010000100011000010011100011001101001010001000010001010101010010110101110010110110100010110110101100001000",0.30166666666666664,0.9000000000000001
162,"010000101101000101100100001000101101100001001010101101111000101110100110100010000100011000010011100011001101001010001000010001010101010010110101010010110110100010110110101100001000",0.30166666666666664,0.9000000000000001
163,"010000101101011101111100011000101101100001001010101101111000101110100110100010000100011000010011100011001101001010001000010001010101010010110101010010110110100010110110101100001000",0.30166666666666664,0.9000000000000001
164,"010000101101011101100100111000101101100001001010101101111000101110100110100010000100011000010011100011001101001010001000010001010101010010110101010010110110100010110110101100001000",0.30166666666666664,0.9000000000000001
165,"010000101101010101111100111000101101100001001010101101111000101110100110100010000100011000010011100011001101001010001000010001010101010010110101010010110110100010110110101100001000",0.30166666666666664,0.9000000000000001
166,"010000101101010101111100001000101101100001001010101101111000101110100110100010000100011000010011100011001101001010001000010001010101010010110101010010110110100010110110101100001000",0.30166666666666664,0.9000000000000001
167,"010100100101000101111100001000101101100001001010101101111000101110100110100010000100011000010011100011001101001010001000010001010101010010110101010010110110100010110110101100001010",0.30166666666666664,0.9000000000000001
168,"010000100101000101111100111000101101100001001010101101111000101110100110100010000100011000010011100011001101001010001000010001010101010010110101010010110110100010110110101100001000",0.30166666666666664,0.9000000000000001
169,"010000101101000101111100111000101101100001001010101101111000101110100110100010000100011000010011100011001101001010001000010001010101010010110101010010110110100010110110101100001000",0.30166666666666664,0.9000000000000001
170,"010000101101011101100100011000101101100001001010101101111000101110100110100010000100011000010011100011001101001010001000010001010101010010110101010010110110100010110110101100001000",0.30166666666666664,0.9000000000000001
171,"010000101101000101111100011000101101100001001010101101111000101110100110100010000100011000010011100011001101001010001000010001010101010010110101010010110110100010110110101100001000",0.30166666666666664,0.9000000000000001
172,"010000101101000101111100011000101101100001001010101101111000101110100110100010000100011000010011100011001101001010001000010001010101010010011010110010110110100010110110101100001000",0.30166666666666664,0.9000000000000001
173,"010000101101011101100100001000101101100001001010101101101000110110101111000010000100011000010011100011001101001010001000010001010101010010110101010010110110100010110110101100001000",0.30166666666666664,0.9000000000000001
174,"010000101101011101100100001000101101100001001010101101111000110110101111000010000100011000010011100011001101001010001000010001010101010010110101010010110110100010110110101100001000",0.30166666666666664,0.9000000000000001
175,"010000101101011101100100001000101101100001001010101101111000101110100110100010000100011000010011100011001101001010001000010001010101010010110101010010110111100110110110101100001000",0.30166666666666664,0.9000000000000001
176,"010000101101011101100100001000101101100001001010101101111000101110100110100010000100011000010011100011001101001010001000010001010101010010110101010010110110100010110110101100001000",0.30166666666666664,0.9000000000000001
177,"010000101101000101111100011000101101100001001010101101111000101110100110100010000100011000010011100011001101001010001010010001010101010010110101010000110110100010110110101100001000",0.3170833333333333,0.95
178,"010000101101000101100100011000101101100001001010101101111000101110100110100010000100011000010011100011001101001010001000010001010101010010110101010000110110100010110110101100001000",0.3170833333333333,0.95
179,"010000101101000101101100011000101101100001001010101101111000101110100110100010000100011000010011100011001101001010001000010001010101010010110101010000110110100010110110101100001000",0.3170833333333333,0.95
180,"010000101101000101100100001000101101100001001010101101111000101110100110100010000100011000010011100011001101001010001000010001010101010010110101010000110110100010110110101100001000",0.3170833333333333,0.95
181,"010000101101001101111100001000101101100001001010101101111000101110100110100010000100011000010011100011001101001010001000010001010101010010110101010000110110100010110110101100001000",0.3170833333333333,0.95
182,"010000101101001101100100011000101101100001001010101101111000101110100110100010000100011000010011100011001101001010001000010001010101010010110101010000110110100010110110101100001000",0.3170833333333333,0.95
183,"010000101101011101100100011000101101100001001010101101111000101110100110100010000100011000010011100011001101001010001000010001010101010010110101010000110110100010110110101100001000",0.3170833333333333,0.95
184,"010000101101011101111100011000101101100001001010101101111000101110100110100010000100011000010011100011001101001010001010010001010101010010110101010000110110100010110110101100001000",0.3170833333333333,0.95
185,"010000101101010101111100011000101101100001001010101101111000101110100110100010000100011000010011100011001101001010001000010001010101010010110101010000110110100010110110101100001000",0.3170833333333333,0.95
186,"010000101101000101110100011000101101100001001010101101111000101110100110100010000100011000010011100011001101001010001000010001010101010010110101010000110110100010110110101100001000",0.3170833333333333,0.95
187,"010000101101000101110100001000101101100001001010101101111000101110100110100010000100011000010011100011001101001010001000010001010101010010110101010000110110100010110110101100001000",0.3170833333333333,0.95
188,"010000101101001101100100001000101101100001001010101101111000101110100110100010000100011000010011100011001101001010001000010001010101010010110101010000110110100010110110101100001000",0.3170833333333333,0.95
189,"010000101101011101111100011000101101100001001010101101111000101110100110100010000100011000010011100011001101001010001000010001010101010010110101010000110110100010110110101100001000",0.3170833333333333,0.95
190,"010000101101011101111100001000101101100001001010101101111000101110100110100010000100011000010011100011001101001010001000010001010101010010110101010000110110100010110110101100001000",0.3170833333333333,0.95
191,"010000101101011101100100001000101101100001001010101101111000101110100110100010000100011000010011100011001101001010001000010001010101010010110101010000110110100010110110101100001000",0.3170833333333333,0.95
192,"010000101101001101100100011000101101100001001010101101111000101110100110100010000100011000010011100011001101001010001000010001010101010010110101110000110110100010110110101100001000",0.3170833333333333,0.95
193,"010000101101011101111100001000101101100001001010101101111000101110100110100010000100011000010011100011001101001010001000010001010101010010110101110000110110100010110110101100001000",0.3170833333333333,0.95
194,"010000101101001101100100001000101101100001001010101101111000101110100110100010000100011000010011100011001101001010001000010001010101010010110101110000110110100010110110101100001000",0.3170833333333333,0.95
195,"010000101101000101111100011000101101100001001010101101111000101110100110100010000100011000010011100011001101001010001010010001010101010010110101110000110110100010110110101100001000",0.3170833333333333,0.95
196,"010000101101000101101100011000101101100001001010101101111000101110100110100010000100011000010011100011001101001010001000010001010101010010110101110000110110100010110110101100001000",0.3170833333333333,0.95
197,"010000101101000101111100001000101101100001001010101101111000101110100110100010000100011000010011100011001101001010001000010001010101010010110101010000110110100010110110101100001000",0.3170833333333333,0.95
198,"010000101101000101101100001000101101100001001010101101111000101110100110100010000100011000010011100011001101001010001000010001010101010010110101110000110110100010110110101100001000",0.3170833333333333,0.95
199,"010000101101000101111100001000101101100001001010101101111000101110100110100010000100011000010011100011001101001010001000010001010101010010111010110000110110100010110110101100001000",0.3170833333333333,0.95
200,"010000101101000101100100001000101101100001001010101101111000101110100110100010000100011000010011100011001101001010001000010001010101010010011010110000110110100010110110101100001000",0.3170833333333333,0.95
201,"010000101101000101100100011000101101100001001010101101111000101110100110100010000100011000010011100011001101001010001000010001010101010010110101110000110110100010110110101100001000",0.3170833333333333,0.95
202,"010100101101000101111100011000101101100001001010101101111000101110100110100010000100011000010011100011001101001010001000010001010101010010011010110000110110100010110110101100001000",0.3170833333333333,0.95
203,"010100101101000101111100011000101101100001001010101101111000101110100110100010000100011000010011100011001101001010001000010001010101010010110101110000110110100010110110101100001000",0.3170833333333333,0.95
204,"010000101101011101100100001000101101100001001010101101111000101110100110100010000100011000010011100011001101001010001000010001010101010010111010110000110110100010110110101100001000",0.3170833333333333,0.95
205,"010000101101000101111100011010110000100101001010101101111000101110100110100010000100011000010011100011001101001010001000010001010101010010011010110000110110100010110110101100001000",0.3170833333333333,0.95
206,"010000101101011101111100011000101101100001001010101101111000101110100110100010000100011000010011100011001101001010001000010001010101010010011010110000110110100010110110101100001000",0.3170833333333333,0.95
207,"010000101101000101111100101000101101100001001010101101111000101110100110100010000100011000010011100011001101001010001000010001010101010010110101110000110110100010110110101100001000",0.3170833333333333,0.95
208,"010000101101000101111100001000101101100001001010101101111000101110100110100010000100011000010011100011001101001010001000010001010101010010011010110000110110100010110110101100001000",0.3170833333333333,0.95
209,"010000101101000101111100011000101101100001001010101101111000101110100110100010000100011000010011100011001101001010001000010001010101010010111010110000110110100010110110101100001000",0.3170833333333333,0.95
210,"010000101101011101111100011000101101100001001010101101111000101110100110100010000100011000010011100011001101001010001000010001010101010010110101110000110110100010110110101100001000",0.3170833333333333,0.95
211,"010000101101000101111100001000101101100001001010101101111000101110100110100010000100011000010011100011001101001010001000010001010101010010110101110000110110100010110110101100001000",0.3170833333333333,0.95
212,"010000101101000101100100001000101101100001001010101101111000101110100110100010000100011000010011100011001101001010001000010001010101010010111010110000110110100010110110101100001000",0.3170833333333333,0.95
213,"010000101101010101111100111000101101100001001010101101111000101110100110100010000100011000010011100011001101001010001000010001010101010010110101110000110110100010110110101100001000",0.3170833333333333,0.95
214,"010000101101000101111100011000101101100001001010101101111000101110100110100010000100011000010011100011001101001010001000010001010101010010110101110000110110100010110110101100001000",0.3170833333333333,0.95
215,"010000101101000101100100001000101101100001001010101101111000101110100110100010000100011000010011100011001101001010001000010001010101010010110101110000110110100010110110101100001000",0.3170833333333333,0.95
216,"010000101101011101100100001000101101100001001010101101111000101110100110100010000100011000010011100011001101001010001000010001010101010010110101110000110110100010110110101100001000",0.3170833333333333,0.95
217,"010000101101000101100100001000101101100001001010101101111000101110100110100010000100011000010011100011001101001010001000010001010101010010110101110000110111100010110110101100001000",0.3170833333333333,0.95
218,"010100100101000101100100001000101101100001001010101101111000101110100110100010000100011000010011100011001101001010001000010001010101010010110101110000110111100010110110101100001000",0.3170833333333333,0.95
219,"010100100101000101111100011000101101100001001010101101111000101110100110100010000100011000010011100011001101001010001000010001010101010010110101110000110111100010110110101100001000",0.3170833333333333,0.95
220,"010000101101011101100100001000101101100001001010101101111000101110100110100010000100011000010011100011001101001010001000010001010101010010110101110000110111100010110110101100001000",0.3170833333333333,0.95
221,"010000101101010101111100111000101101100001001010101101111000110110101110100010000100011000010011100011001101001010001000010001010101010010110101110000110111100010110110101100001000",0.3170833333333333,0.95
222,"010000101101011101100100001000101101100001001010101101111000101110100110100010000100011000010011100011001101001010001000010001010101010010011010110000110110100010110110101100001000",0.3170833333333333,0.95
223,"010000101101010101111100111000101101100001001010101101111000101110100110100010000100011000010011100011001101001010001000010001010101010010110101110000110111100010110110101100001000",0.3170833333333333,0.95
224,"010100101101010101111100111000101101100001001010101101111000101110100110100010000100011000010011100011001101001010001000010001010101010010110101010000110110100010110110101100001010",0.3170833333333333,0.95
225,"010100101101000101111100011000101101100001001010101101111000101110100110100010000100011000010011100011001101001010001000010001010101010010110101010000110110100010110110101100001010",0.3170833333333333,0.95
226,"010000101101000101111100011000101101100001001010101101111000101110100110100010000100011000010011100011001101001010001000010001010101010010110101010000110110100010110110101100001010",0.3170833333333333,0.95
227,"010000101101000101111100111000101101100001001010101101111000101110100110100010000100011000010011100011001101001010001000010001010101010010110101010000110110100010110110101100001010",0.3170833333333333,0.95
228,"010100101101000101111100111000101101100001001010101101111000101110100110100010000100011000010011100011001101001010001000010001010101010010110101010000110110100010110110101100001010",0.3170833333333333,0.95
229,"010100101101001101100100001000101101100001001010101101111000101110100110100010000100011000010011100011001101001010001000010001010101010010110101010000110110100010110110101100001010",0.3170833333333333,0.95
230,"010000101101001101100100001000101101100001001010101101111000101110100110100010000100011000010011100011001101001010001000010001010101010010110101010000110110100010110110101100001010",0.3170833333333333,0.95
231,"010100100101000101111100001000101101100001001010101101111000101110100110100010000100011000010011100011001101001010001000010001010101010010110101010000110110100010110110101100001010",0.3170833333333333,0.95
232,"010000101101000101011100111000101101100001001010101101111000101110100110100010000100011000010011100011001101001010001000010001010101010010110101010000110110100010110110101100001000",0.3170833333333333,0.95
233,"010000101101000101111100011000101101100001001010101101111000101110100110100010000100011000010011100011001101001010001000010001010101010010110101010000110110100010110110101100001000",0.3170833333333333,0.95
234,"010000101101011101100100001010110000100001001010101101111000101110100110100010000100011000010011100011001101001010001000010001010101010010011010110000110110100010110110101100001000",0.3170833333333333,0.95
235,"010000101101000101111100011000101101100001001010101101111000101110100110100010000100011000010011100011001101001010001000010001010101010010011010110000110110100010110110101100001000",0.3170833333333333,0.95
236,"010000101101000101111100011000101101100001001010101101111000101110100110100010000100011000010011100011001101001010001000010001010101010010011010110000110111100110110110101100001000",0.3170833333333333,0.95
237,"010000101101001101100100011000101101000001001010101101111000101110100110100010000100011000010011100011001101001010001000010001010101010010110101010010110110100010110110101100001000",0.6502083333333333,0.975
238,"010000101101001101100100001000101101000001001010101101111000101110100110100010000100011000010011100011001101001010001000010001010101010010110101010010110110100010110110101100001000",0.6502083333333333,0.975
239,"010000101101011101100100011000101101000001001010101101111000101110100110100010000100011000010011100011001101001010001000010001010101010010110101010010110110100010110110101100001000",0.6502083333333333,0.975
240,"010000101101001101111100001000101101000001001010101101111000101110100110100010000100011000010011100011001101001010001000010001010101010010110101010010110110100010110110101100001000",0.6502083333333333,0.975
241,"010000101101011101111100001000101101000001001010101101111000101110100110100010000100011000010011100011001101001010001000010001010101010010110101010010110110100010110110101100001000",0.6502083333333333,0.975
242,"010000101101011101100100001000101101000001001010101101111000101110100110100010000100011000010011100011001101001010001000010001010101010010110101010010110110100010110110101100001000",0.6502083333333333,0.975
243,"010000101101000101101100011000101101000001001010101101111000101110100110100010000100011000010011100011001101001010001000010001010101010010110101010010110110100010110110101100001000",0.6502083333333333,0.975
244,"010000101101000101111100001000101101000001001010101101111000101110100110100010000100011000010011100011001101001010001000010001010101010010110101010010110110100010110110101100001000",0.6502083333333333,0.975
245,"010000101101000101100100011000101101000001001010101101111000101110100110100010000100011000010011100011001101001010001000010001010101010010110101010010110110100010110110101100001000",0.6502083333333333,0.975
246,"010000101101000101100100001000101101000001001010101101111000101110100110100010000100011000010011100011001101001010001000010001010101010010110101010010110110100010110110101100001000",0.6502083333333333,0.975
247,"010000101101000101111100011000101101000001001010101101111000101110100110100010000100011000010011100011001101001010001000010001010101010010110101110010110110100010110110101100001000",0.6502083333333333,0.975
248,"010000101101000101111100011000101101000001001010101101111000101110100110100010000100011000010011100011001101001010001000010001010101010010110101010010110110100010110110101100001000",0.6502083333333333,0.975
249,"010000101101011101111100011000101101000001001010101101111000101110100110100010000100011000010011100011001101001010001000010001010101010010110101010010110110100010110110101100001000",0.6502083333333333,0.975
250,"010100101101000101111100011000101101000001001010101101111000101110100110100010000100011000010011100011001101001010001000010001010101010010110101010010110110100010110110101100001000",0.6502083333333333,0.975
251,"010000101101000101111100001000101101000001001010101101111000101110100110100010000100011000010011100011001101001010001000010001010101010010110101110010110110100010110110101100001000",0.6502083333333333,0.975
252,"010000101101000101111100001000101101000001001010101101111000101110100110100010000100011000010011100011001101001010001000010001010101010010011010110010110110100010110110101100001000",0.6502083333333333,0.975
253,"010000101101000101100100011000101101000001001010101101111000101110100110100010000100011000010011100011001101001010001110010001010101010010110101010000110110100010110110101100001000",1.0,1.0
254,"010000101101000101100100001000101101000001001010101101111000101110100110100010000100011000010011100011001101001010001110010001010101010010110101010000110110100010110110101100001000",1.0,1.0
255,"010000101101000101110100001000101101000001001010101101111000101110100110100010000100011000010011100011001101001010001110010001010101010010110101010000110110100010110110101100001000",1.0,1.0
256,"010000101101001101100100011000101101000001001010101101111000101110100110100010000100011000010011100011001101001010001110010001010101010010110101010000110110100010110110101100001000",1.0,1.0
257,"010000101101001101100100001000101101000001001010101101111000101110100110100010000100011000010011100011001101001010001110010001010101010010110101010000110110100010110110101100001000",1.0,1.0
258,"010000101101011101111100011000101101000001001010101101111000101110100110100010000100011000010011100011001101001010001110010001010101010010110101010000110110100010110110101100001000",1.0,1.0
259,"010000101101000101111100001000101101000001001010101101111000101110100110100010000100011000010011100011001101001010001110010001010101010010110101010000110110100010110110101100001000",1.0,1.0
260,"010000101101000101110100011000101101000001001010101101111000101110100110100010000100011000010011100011001101001010001110010001010101010010110101010000110110100010110110101100001000",1.0,1.0
261,"010000101101000101111100011000101101000001001010101101111000101110100110100010000100011000010011100011001101001010001110010001010101010010110101010000110110100010110110101100001000",1.0,1.0
262,"010000101101011101100100001000101101000001001010101101111000101110100110100010000100011000010011100011001101001010001110010001010101010010110101010000110110100010110110101100001000",1.0,1.0
263,"010000101101011101100100011000101101000001001010101101111000101110100110100010000100011000010011100011001101001010001110010001010101010010110101010000110110100010110110101100001000",1.0,1.0
264,"010000101101011101100100011000101101000001001010101101111000101110100110100010000100011000010011100011001101001010001110010001010101010010110101110000110110100010110110101100001000",1.0,1.0
265,"010000101101001101111100001000101101000001001010101101111000101110100110100010000100011000010011100011001101001010001110010001010101010010110101110000110110100010110110101100001000",1.0,1.0
266,"010000101101011101111100001000101101000001001010101101111000101110100110100010000100011000010011100011001101001010001110010001010101010010110101110000110110100010110110101100001000",1.0,1.0
267,"010000101101000101100100001000101101000001001010101101111000101110100110100010000100011000010011100011001101001010001110010001010101010010110101110000110110100010110110101100001000",1.0,1.0
268,"010000101101001101100100001000101101000001001010101101111000101110100110100010000100011000010011100011001101001010001110010001010101010010110101110000110110100010110110101100001000",1.0,1.0
269,"010000101101000101101100011000101101000001001010101101111000101110100110100010000100011000010011100011001101001010001110010001010101010010110101110000110110100010110110101100001000",1.0,1.0
270,"010000101101000101111100011000101101000001001010101101111000101110100110100010000100011000010011100011001101001010001110010001010101010010110101110000110110100010110110101100001000",1.0,1.0
271,"010000101101000101111100001000101101000001001010101101111000101110100110100010000100011000010011100011001101001010001110010001010101010010110101110000110110100010110110101100001000",1.0,1.0
272,"010100101101000101111100011000101101000001001010101101111000101110100110100010000100011000010011100011001101001010001110010001010101010010011010110000110110100010110110101100001000",1.0,1.0
273,"010000101101011101100100001010101101000001001010101101111000101110100110100010000100011000010011100011001101001010001110010001010101010010011010110000110110100010110110101100001000",1.0,1.0
274,"010000101101000101111100001000101101000001001010101101111000101110100110100010000100011000010011100011001101001010001110010001010101010010011010110000110110100010110110101100001000",1.0,1.0
275,"010000101101000101111100001000101101000001001010101101111000110110100110100010000100011000010011100011001101001010001110010001010101010010011010110000110110100010110110101100001000",1.0,1.0
276,"010000101101000101111100001000101101000001001010101101111000110110101111000010000100011000010011100011001101001010001110010001010101010010011010110000110110100010110110101100001000",1.0,1.0
277,"010000101101000101111100011000101101000001001010101101111000110110101111000010000100011000010011100011001101001010001110010001010101010010011010110000110110100010110110101100001000",1.0,1.0
278,"010100100101000101111100111000101101000001001010101101111000110110101111000010000100011000010011100011001101001010001110010001010101010010011010110000110110100010110110101100001000",1.0,1.0
279,"010000101101010101100100001000101101000001001010101101111000110110101111000010000100011000010011100011001101001010001110010001010101010010011010110000110110100010110110101100001000",1.0,1.0
280,"010000101101010101100100001000101101000001001010101101111000101110100110100010000100011000010011100011001101001010001110010001010101010010011010110000110110100010110110101100001000",1.0,1.0
281,"010000101101010101111100011000101101000001001010101101111000101110100110100010000100011000010011100011001101001010001110010001010101010010011010110000110110100010110110101100001000",1.0,1.0
282,"010000101101010101111100011000101101000001001010101011101000110110101110100010000100011000010011100011001101001010001110010001010101010010011010110000110110100010110110101100001000",1.0,1.0
283,"010000101101000101111100011000101101000001001010101011101000110110101111000010000100011000010011100011001101001010001110010001010101010010011010110000110111100010110110101100001000",1.0,1.0
284,"010000101101000101111100011000101101000001001010101011101000110110101110100010000100011000010011100011001101001010001110010001010101010010011010110000110110100010110110101100001000",1.0,1.0
285,"010000100101000101111100011000101101000001001010101101111000101110100110100010000100011000010011100011001101001010001110010001010101010010011010110000110111100010110110101100001000",1.0,1.0
286,"010000100101000101111100011000101101000001001010101011101000110110101110100010000100011000010011100011001101001010001110010001010101010010011010110000110111100010110110101100001000",1.0,1.0
287,"010000101101001101100100011000101101000001001010101011101000110110101110100010000100011000010011100011001101001010001110010001010101010010011010110000110110100010110110101100001000",1.0,1.0
288,"010000101101000101111100011000101101000001001010101011101000110110101110100010000100011000010011100011001101001010001110010001010101010010011010110000110111100010110110101100001000",1.0,1.0
289,"010000101101011101100100001000101101000001001010101101101000101110100110100010000100011000010011100011001101001010001110010001010101010010011010110000110110100010110110101100001010",1.0,1.0
290,"010000101101000101111100111000101101000001001010101011101000110110101110100010000100011000010011100011001101001010001110010001010101010010011010110000110111100010110110101100001000",1.0,1.0
291,"010000101101000101111100111000101101000001001010101011101000110110101111000010000100011000010011100011001101001010001110010001010101010010011010110000110111100010110110101100001000",1.0,1.0
292,"010000101101011101100100001000101101000001001010101101101000101110100110100010000100011000010011100011001101001010001110010001010101010010011010110000110111100110110110101100001000",1.0,1.0
293,"010000101101000101111100111000101101000001001010101011101000101110100110100010000100011000010011100011001101001010001110010001010101010010011010110000110111100010110110101100001000",1.0,1.0
294,"010000101101011101100100001000101101000001001010101101111000101110100110100010000100011000010011100011001101001010001110010001010101010010011010110000110110100110110110101100001000",1.0,1.0
295,"010000101101000101111100011000101101000001001010101101111000101110100110100010000100011000010011100011001101001010001110010001010101010010011010110000110110100010110110101100001000",1.0,1.0
296,"010000101101000101100100001000101101000001001010101011101000110110101111000010000100011000010011100011001101001010001110010001010101010010011010110000110111100110110110101100001000",1.0,1.0
297,"010000101101011101100100001000101101000001001010101011101000101110100110100010000100011000010011100011001101001010001110010001010101010010011010110000110111100110110110101100001000",1.0,1.0
298,"010000101101000101100100001000101101000001001010101101111000101110100110100010000100011000010011100011001101001010001110010001010101010010011010110000110111100110110110101100001000",1.0,1.0
299,"010000101101011101100100001000101101000001001010101101111000101110100110100010000100011000010011100011001101001010001110010001010101010010011010110000110111100110110110101100001000",1.0,1.0
300,"010000101101011101100100001000101101000001001010101011101000101110100110100010000100011000010011100011001101001010001110010001010101010010011010110000110110100010110110101100001000",1.0,1.0
301,"010000101101011101100100001000101101000001001010101101111000101110100110100010000100011000010011100011001101001010001110010001010101010010011010110000110110100010110110101100001000",1.0,1.0
